del,30983402
put,22673003
put,16674995
put,8797614
del,12308070
del,11418985
del,11476535
del,11169231
store,12429385
del,11424991
store,12117891
del,11424293
del,11260234
get,11240190
del,11342928
put,8846993
get,11052735
store,14951091
store,12638770
put,8993242
get,11265891
get,11138291
get,10965014
store,11735158
put,8973965
store,11535062
get,11206736
del,11458725
store,11963332
get,11573126
put,8834422
put,8983744
put,8999877
del,11269943
del,11273016
put,8984511
get,11294038
get,11271270
put,9205770
store,13729979
get,15732830
get,15650905
put,10272813
get,12465075
del,14135410
put,9617696
put,8931152
put,8920466
del,11230063
del,11001750
get,11608465
store,12009217
put,9186284
del,11517182
store,12099593
store,12005725
get,11710574
get,11328820
put,9116932
get,11124462
del,11103021
del,11207434
get,11537507
get,11230831
store,14197918
put,8996594
store,11560484
put,8661633
put,8739088
store,13861210
store,12104132
del,12295638
put,9154855
del,11064957
store,11728733
store,12066208
del,11336921
get,11067402
store,12187872
get,11504332
store,11869883
get,11495811
store,12066697
store,11659380
del,11506775
get,11157079
put,9046950
get,11269803
put,12169504
del,10963896
get,11074455
store,11129630
get,11093173
store,11278254
put,16628550
store,10924156
put,8849368
get,10910187
put,9237688
store,11505938
del,11087167
get,11195352
put,9267720
del,11062303
del,11341740
put,9005673
store,11166647
get,11171396
store,11016068
get,11161199
get,11275320
store,11279860
store,11288451
get,11428204
put,9108620
del,11558808
put,9083896
get,11414515
get,11373797
store,11534573
store,11463265
get,11039744
store,11214349
get,11311638
del,11560833
get,11315130
del,11204292
get,11349283
put,9179370
del,10922061
get,10811571
put,8722675
del,10942176
del,10807520
put,8745792
put,8901609
put,8805647
store,11055598
del,11123974
store,11078157
get,11172164
store,11064678
put,8975083
get,10940500
put,8826949
del,10973325
store,10985756
get,11034297
store,10882600
del,10990156
store,10942594
store,11353194
get,10715539
del,10743685
put,8597798
store,10707926
store,11015090
get,10934284
del,10627888
get,10752904
store,11141993
store,11079414
get,10970391
store,11116291
del,11204641
del,12539805
put,9041083
put,9011540
store,11038626
put,8997851
del,11914792
del,10975350
del,10948042
put,8923051
del,11057903
put,8942816
get,10843978
get,12446637
get,10956073
del,10768339
put,8918720
del,11103440
del,12279155
put,8772821
del,10801654
del,10711976
del,10437778
get,10700244
store,11875540
store,11094081
get,11707850
put,11520186
store,14452840
store,13856601
put,8684541
get,10972207
put,8805018
store,10859063
del,10817019
get,10894473
store,11164272
get,10923947
del,10837762
put,8822269
store,10857527
put,8683703
store,10915286
get,10889654
del,11007059
store,10961312
store,10841952
put,8741392
del,10715958
put,8807183
put,9965090
get,11060068
put,11503424
store,11735159
del,11900404
del,11320857
del,11569982
put,9353206
del,11701355
store,11756809
get,11552243
del,11770009
put,8969285
get,10881832
get,11127046
store,10984499
put,8887361
del,10975420
store,11144995
get,10923947
store,11107281
get,11097574
put,8972149
put,9111274
del,11342647
get,11329378
del,10957331
put,10051344
del,11400407
put,9045483
get,11253320
store,11537227
store,11574942
get,11951109
get,11456071
store,11288171
put,9358723
put,9142354
put,9469702
store,12523393
store,12167269
get,12825737
put,9495473
store,11101065
get,10811082
store,10942594
put,8838193
get,10811780
put,8712967
store,11054900
store,11054271
put,8767234
store,11230551
del,10953489
store,11065166
get,10956981
store,11220076
del,10893985
del,10983801
get,11129211
put,8842313
store,11077320
get,10983103
del,10943573
del,10938264
get,10902645
del,10990715
store,11184735
put,9059452
del,11067122
del,10998887
put,8765767
get,10986176
put,8785392
del,11000214
get,11020957
store,11281607
store,11390908
put,8868784
get,11185993
put,8918790
del,11077040
put,8999178
del,11120202
store,11168043
store,11122437
del,11037579
get,10970671
put,9047788
get,11157009
del,11056087
put,9012378
del,11071732
store,11251504
put,8996524
store,11431137
put,9194455
store,11123065
store,11366114
put,8892669
get,11145764
get,11006080
put,9046880
store,11283353
get,14952279
get,10907534
del,11078646
store,11132913
put,8978296
store,10919826
put,8733150
put,8872834
put,8955178
put,9049394
get,11105325
store,10984151
put,8973197
del,11024938
get,11120202
get,11042398
put,8858098
store,11064468
put,8940162
put,9062804
get,11083744
del,10924156
put,8800618
put,8768421
get,10888606
put,8938695
del,10961731
put,8909362
put,8912086
del,10967877
store,11080951
put,8976479
del,11165180
put,8928009
del,10929744
del,10923668
del,11670484
put,9243554
get,10964874
put,9051560
put,8982136
put,9092208
put,9305365
put,14511926
put,11955300
del,15655096
store,11187809
put,10449093
get,11282793
del,12245771
store,11386160
put,9739640
store,13125847
put,9401956
del,11765888
get,11637519
get,11267568
store,11407671
store,13105174
get,11510268
put,9240272
put,9398324
del,12329651
del,11438889
get,11511525
get,12597076
del,12581640
store,11250317
put,9005185
put,9004416
store,11147231
del,11156520
del,11204012
put,8917044
del,11224965
get,11075922
del,10999027
get,11079624
put,8874371
put,8800828
get,11066284
get,11058951
put,8848320
store,11104139
del,11067891
put,8923190
put,8880517
get,11544351
put,9194945
put,8935832
del,11121878
put,9033680
del,11194234
del,11286914
del,11077738
store,11178450
get,11205199
del,11020677
del,11305073
put,9128036
put,9005883
put,8924448
store,11222590
put,8983953
del,11191441
get,11156171
put,9159465
get,11273015
store,11189973
get,11128653
get,11190673
del,11317505
del,11276438
put,9216595
store,11307727
del,11347328
get,11467944
get,11213231
put,9051350
store,11373658
get,11150304
put,9235872
put,9144309
del,11425969
put,9391200
del,11550776
put,9601354
put,9089274
del,11407741
del,11555455
put,9581379
put,9471168
put,9596045
del,11689901
del,11688015
get,11927782
get,11604135
get,11828817
get,11739558
get,11936443
put,10085915
del,12144152
put,9541638
get,11474928
del,11414794
store,11423734
del,11718187
get,11929458
store,11623132
store,11496369
get,11351657
get,11462356
put,9248373
del,11327702
put,9318983
get,11307937
get,11530802
store,11423315
del,11493367
put,9087109
get,11201498
del,11211486
store,11186132
put,9076703
del,11308774
store,11214977
put,9312209
put,9183979
del,11302000
del,11286984
del,11383366
get,11243752
store,11373029
del,11584231
del,11288241
store,11246267
put,9360889
put,9324990
store,11358502
store,11677679
store,11216513
put,9148709
store,11256463
store,11255974
store,11599037
store,11284889
store,11451042
put,8996803
put,8920816
put,8921165
get,10796764
get,10824492
del,10663996
get,10640250
put,8486820
put,8532007
get,10612173
store,10368496
put,8457206
store,10381206
put,8367389
store,10423181
del,10235726
del,10098557
get,10127611
store,10618878
store,10292368
put,8631671
put,10196056
get,13007325
get,10423740
put,9870104
put,8666033
store,9710725
store,9947978
store,9628243
del,9764574
put,8018740
get,9620700
get,9551696
put,7815989
del,9500712
put,7774364
get,9420044
put,7649487
put,7660102
put,7751525
del,9385752
del,9830993
store,9671614
del,9209122
get,9703741
store,9414178
put,8589905
store,9639347
put,7702566
store,10206951
get,9055192
get,8703748
store,9098703
del,9090950
del,8880656
put,7328703
del,8653252
put,7107655
put,7079159
del,8647944
store,8529493
get,8474737
del,8623849
del,8436044
del,8381777
put,6880669
del,8250545
get,8462025
put,6864325
put,6853640
store,8457975
put,6852732
store,8364526
put,6847284
put,7018047
put,6772134
put,6630985
get,8219325
put,6705505
put,6711931
del,8173997
store,8309072
store,8403079
get,8171414
del,8201445
store,8308444
store,8529283
del,7981584
put,6606889
store,8084740
get,8038295
get,8062251
put,6636153
get,7887647
get,7849304
get,7859430
store,7992689
store,8220303
del,7788123
del,7656680
del,7631118
get,7667087
del,7786655
get,7700821
get,7574127
store,7711087
get,7549962
del,7647741
del,7620642
get,7485079
del,7536203
get,7468387
store,7417751
get,7434863
put,6257750
get,7320602
put,5969304
get,7320043
get,7313966
del,7232881
get,7274716
store,7382621
put,5889824
get,7335687
del,7560299
get,7611144
del,7384996
get,7527823
put,6263338
get,7623226
del,7537041
store,7838618
get,8115610
del,7836941
store,8211573
get,7699423
store,7947571
del,7851958
del,7617010
del,7827932
store,8100385
store,8085090
get,8585854
del,8482628
store,8530610
put,6868027
put,6682598
put,6602838
store,7893304
store,8087115
del,7571193
store,7477955
put,6062752
del,7273180
del,7781278
put,6138950
put,5996821
get,7257395
store,7675468
store,7596756
put,6117857
put,6104378
del,7297834
put,6086917
get,7676446
put,6092295
put,6088454
del,7528660
del,7315294
del,7413351
put,6347986
del,7683919
put,6203972
put,6179458
del,7403085
get,7546400
del,7552197
del,7580482
put,5950796
put,6219826
get,7805373
store,7607721
put,5963577
store,7512736
put,6101723
get,7291827
store,7485148
put,6100188
put,6264035
del,7440171
get,7346443
get,7470761
del,10241872
put,9383866
store,11633329
put,8747958
del,7534737
put,5758591
get,8153325
store,8099407
store,7764097
del,9677830
del,7268430
del,7701867
put,5869499
put,5921812
del,7239865
get,7217515
del,7150467
del,7248315
store,7282259
del,7219890
del,7242868
put,5865449
put,5844218
put,5962250
store,7376475
del,7258932
put,5888078
del,7216956
get,7195445
store,7330520
put,5966021
store,7307611
del,7275065
get,7182175
get,7198309
store,7363415
put,5992072
put,5980897
get,7256208
del,7231274
store,7355941
get,7283725
del,7287008
put,5989768
store,7440380
del,7212556
get,7187134
put,5907704
del,7241541
del,7178683
store,7440590
get,7350005
get,7422081
del,7356291
get,7277719
get,7246150
get,7261096
store,7365790
del,7350913
get,7282329
store,7303770
del,7372983
del,7328214
store,7394844
store,7458260
get,7447854
get,7452812
store,7461053
put,6070434
store,7444431
get,7303840
put,6000803
del,7320741
del,7191744
put,5985717
put,6135108
put,6148028
del,7286030
del,7291548
put,6022174
del,7376265
put,6017285
store,7456584
store,7643131
get,7342532
store,7743773
get,7340855
del,7497790
store,7467409
put,6147959
put,6187978
del,7502260
put,6148029
del,7511060
store,7960422
get,7494927
store,7715906
del,8907056
del,7960073
del,7678262
get,7535295
store,7644877
get,7567841
del,7475022
get,7256626
put,6052765
store,7518044
put,6185464
get,7333802
del,7464476
get,7277230
get,7366767
store,7462450
store,7529219
store,7661639
put,6212633
get,7758719
put,6184136
put,6169051
store,8070772
get,7549404
store,7750547
get,7718280
store,7658426
get,7391142
del,7829469
put,6256074
del,7385834
put,6342608
store,11114545
put,6291972
store,7629093
del,7434165
get,7433466
store,7393027
store,7396310
del,7573708
store,7497092
del,7459238
put,6232467
del,7368792
del,7377662
get,7450159
put,6152708
del,7371935
del,7441707
put,6086987
store,7416564
del,7471460
get,7326189
store,7521886
put,6089012
get,7430044
get,7566794
store,7520907
put,6321795
put,6103889
del,7325770
put,6083565
store,7418240
get,7463079
get,7692440
del,7464406
store,7454977
get,7474184
store,7507568
del,7438494
store,7363903
del,7475021
store,7526425
put,6066803
get,7641944
store,7527892
store,7485848
del,7524539
del,7723588
del,7508965
get,7503517
get,7424456
del,7424526
put,6096485
del,7324024
get,7401479
get,7338551
del,7460705
put,6120232
get,7404971
get,7680217
del,8967120
get,9118119
put,7719119
put,7785258
put,9530814
store,10724479
del,10664345
put,6483549
put,6171426
put,6214448
get,7332475
del,7400640
del,7325770
get,7384018
store,7528101
del,7712135
put,6274931
put,6189096
get,7335897
get,7365440
del,7396730
del,7378641
get,7304678
del,7264449
get,7387720
put,5982993
del,7410278
put,6223458
store,7389186
put,6071552
store,7458749
store,7444431
put,6513720
store,7463568
del,7589841
get,7438285
store,7420894
put,6284639
get,7741538
put,6161438
store,7504146
store,7393517
put,6525942
get,7526216
get,7522235
put,6382976
store,7548984
get,7667157
del,7521397
store,7600108
del,7610515
del,7567981
put,6214937
put,6261731
get,7590959
store,7573010
store,7788122
put,6519167
del,7517486
store,7432139
del,7326259
get,7434094
del,7540464
put,6159552
put,6177153
del,7460634
put,6148378
put,6108009
put,6377947
get,7669950
store,7741258
get,7538787
put,6313554
del,7425434
put,6175336
put,6215356
store,7412513
del,7696350
get,7534666
del,7527752
store,7438704
put,6306988
del,7446806
store,8139217
put,6294068
store,7766960
del,7805373
get,7632724
del,7569238
store,7603111
store,7638661
store,7488222
del,7764935
put,6442482
store,7656261
del,8234970
put,6356926
put,6258868
put,6195521
del,7483822
del,7485079
put,6166886
get,7646763
store,7515530
del,7727360
del,7787913
del,7655353
get,7465454
del,7498838
del,7640198
get,7503029
put,6167863
get,7372424
put,6142372
del,7385275
exit,769307
