del,12630140
put,10624421
put,513827
put,289355
del,3349898
del,3115368
del,3455428
del,3073324
store,4781098
del,237812
store,130675
del,64813
del,43372
get,51404
del,120128
put,47772
get,128299
store,51543
store,43512
put,51124
get,68166
get,45537
get,49797
store,40159
put,64184
store,54756
get,72915
del,39950
store,38273
get,41277
put,83042
put,34293
put,34362
del,37925
del,37645
put,84858
get,33873
get,34013
put,32896
store,37784
get,31988
get,71519
put,47143
get,65093
del,67258
put,41137
put,43861
put,44629
del,35270
del,30520
get,31010
store,39181
put,33734
del,31848
store,34292
store,31987
get,30521
get,29543
put,31009
get,40648
del,31498
del,31848
get,33594
get,61531
store,34152
put,31009
store,32896
put,33804
put,31359
store,33804
store,31499
del,30940
put,31499
del,31010
store,39041
store,37225
del,298783
get,228802
store,126903
get,187456
store,81925
get,62508
store,39600
store,41416
del,158053
get,149531
put,44908
get,37505
put,38204
del,35829
get,36178
store,44210
get,34362
store,77315
put,36178
store,46305
put,35689
get,34991
put,35340
store,38623
del,33873
get,34363
put,34153
del,33873
del,33873
put,34223
store,37575
get,33384
store,37225
get,36178
get,33454
store,37994
store,35759
get,34362
put,31917
del,216650
put,39461
get,42045
get,66768
store,102108
store,37156
get,34782
store,78502
get,37994
del,39251
get,31918
del,220630
get,168388
put,44978
del,75918
get,38134
put,78153
del,59156
del,35340
put,29054
put,30521
put,32406
store,72426
del,24724
store,25702
get,23397
store,25492
put,23397
get,23746
put,24305
del,25283
store,26190
get,27169
store,27169
del,23817
store,91284
store,25353
get,24654
del,21372
put,57201
store,34362
store,33874
get,33804
del,28565
get,27727
store,31848
store,97778
get,29893
store,32406
del,29124
del,30032
put,27238
put,27169
store,30451
put,28566
del,24794
del,22908
del,24235
put,25772
del,22839
put,24934
get,24235
get,33874
get,28635
del,31918
put,30032
del,30101
del,24794
put,23676
del,22000
del,22978
del,23746
get,23327
store,52940
store,27657
get,28146
put,87024
store,32407
store,28216
put,34711
get,41136
put,100153
store,28705
del,31429
get,28565
store,26680
get,27587
del,27099
put,28146
store,28844
put,27588
store,26749
get,28495
del,38204
store,28216
store,26679
put,28635
del,27239
put,26749
put,26610
get,26051
put,27728
store,26750
del,27378
del,27588
del,29124
put,27448
del,28635
store,110210
get,41975
del,2450263
put,183754
get,2751003
get,3289414
store,44280
put,75289
del,23816
store,24514
get,22349
store,20604
get,21372
put,22001
put,123270
del,113981
get,25702
del,41486
put,22280
del,54337
put,22349
get,22838
store,376936
store,66629
get,29544
get,43512
store,22420
put,44769
put,39740
put,27657
store,36598
store,112026
get,54546
put,28914
store,25702
get,34712
store,25213
put,27098
get,27657
put,21861
store,20743
store,21022
put,23746
store,21302
del,63486
store,23257
get,22279
store,20115
del,21791
del,22140
get,21930
put,20533
store,20534
get,18857
del,18927
del,20114
get,21442
del,21371
store,22838
put,26120
del,23467
del,22489
put,21651
get,24725
put,22768
del,24096
get,31499
store,20534
store,18368
put,20464
get,19136
put,19905
del,19974
put,20533
del,22559
store,19416
store,17251
del,20534
get,18438
put,19276
get,22489
del,19416
put,19276
del,18229
store,21022
put,20324
store,20464
put,21022
store,18928
store,18019
put,19835
get,20603
get,20394
put,19276
store,19625
get,19137
get,20812
del,21581
store,26261
put,25004
store,19626
put,21022
put,20883
put,18508
put,20114
get,19975
store,21372
put,20045
del,19556
get,21162
get,21930
put,21442
store,90236
put,24375
put,19766
get,20953
del,20603
put,19904
put,21162
get,20534
put,19626
del,20463
put,20883
put,20114
del,19485
store,21651
put,20394
del,21511
put,20533
del,20324
del,19416
del,18997
put,19696
get,20604
put,32476
put,25283
put,20324
put,20883
put,21022
put,24305
del,21162
store,20464
put,21092
get,108464
del,579409
store,80109
put,25702
store,18647
put,19625
del,19416
get,18089
get,23746
store,56432
store,20045
get,34851
put,20952
put,22140
del,37644
del,34362
get,51683
get,771264
del,64325
store,31010
put,19975
put,22000
store,17670
del,53359
del,50845
put,43791
del,17042
get,17391
del,14388
get,15365
put,14946
put,48610
get,16762
get,48819
put,14946
store,35130
del,60623
put,17321
put,15225
get,12431
put,23537
put,11803
del,9498
put,12432
del,21022
del,13759
del,11594
store,26191
get,15226
del,32895
del,11803
put,12851
put,10895
put,15854
store,43372
put,11804
del,11384
get,10546
put,10896
get,12012
store,15994
get,12781
get,11943
del,11873
del,10336
put,14807
store,57270
del,15645
get,12153
get,10546
put,15645
store,9219
get,8591
put,8172
put,10546
del,10406
put,7683
del,8730
put,133399
put,17600
del,8940
del,11315
put,8660
put,230479
put,11943
del,13410
del,9917
get,10127
get,11524
get,12501
get,11315
get,9638
put,11454
del,10895
put,12013
get,9638
del,12083
store,10616
del,13270
get,10895
store,10616
store,9848
get,12921
get,12083
put,20114
del,10896
put,11105
get,9568
get,9010
store,8591
del,8940
put,8032
get,9010
del,10127
store,62439
put,28216
del,9918
store,8241
put,8660
put,7543
del,8521
del,8172
del,52032
get,47353
store,9009
del,9149
del,8102
store,8102
put,11594
put,13130
store,9009
store,8590
store,8241
put,8591
store,7613
store,8450
store,8171
store,8032
store,7613
put,8660
put,8241
put,8590
get,9848
get,11594
del,8800
get,7543
put,97499
put,28356
get,10476
store,7613
put,10616
store,9358
put,8032
store,6635
del,7683
del,7683
get,8242
store,9987
store,9498
put,60972
put,14737
get,14527
get,11524
put,15366
put,11454
store,10616
store,9569
store,10616
del,10476
put,7613
get,8032
get,7542
put,7124
del,7962
put,7613
get,7124
put,7683
put,7263
put,7682
del,7124
del,7613
store,7543
del,6565
get,46235
store,10477
put,12013
store,9010
put,8031
store,7473
get,8032
get,8521
store,8660
del,7263
del,8102
put,8660
del,7753
put,10825
put,10057
del,7542
store,9009
get,11873
del,10057
del,10057
del,7753
put,8242
del,10895
get,10826
put,11105
put,10895
store,9638
put,8731
store,9568
put,9917
put,8521
put,7613
put,8520
get,7962
put,8939
put,7962
del,8031
store,9080
store,7543
get,11384
del,8101
store,8031
store,7054
del,8172
put,8660
store,7683
get,8661
get,11105
put,8939
get,8451
get,9429
get,10896
store,9010
store,8521
del,7543
del,8102
del,7124
get,7543
del,8031
get,9079
get,8172
store,8730
get,9149
del,8171
del,7613
get,8101
del,8171
get,11314
store,8521
get,7543
put,7683
get,8521
put,7612
get,8171
get,7264
del,7263
get,7193
store,8032
put,8032
get,8940
del,8031
get,8102
del,8032
get,8032
put,7613
get,11524
del,9917
store,8101
get,7543
del,9988
store,9987
get,8590
store,9010
del,8031
del,9848
del,22839
store,19695
store,12152
get,12502
del,13200
store,12432
put,12362
put,13829
put,14247
store,14248
store,13340
del,14876
store,12781
put,12012
del,9499
del,9429
put,128648
put,16064
get,11454
store,11384
store,10616
put,11244
put,10477
del,9638
put,10476
get,10896
put,11104
put,10756
del,12292
del,11105
del,12781
put,11523
del,10965
put,9498
put,9988
del,9638
get,10965
del,11943
del,10406
put,12502
put,12223
get,11873
store,14317
put,14876
store,10896
put,10476
get,10127
store,10476
put,8590
put,10476
del,20533
get,11454
get,10057
del,10546
put,11315
store,10616
put,11314
del,13410
put,11734
get,14807
store,10476
store,9079
del,9079
del,10058
del,9569
put,9638
put,12781
del,11524
get,9917
del,9917
del,9499
store,10616
del,9988
del,9988
put,9987
put,10616
put,10477
store,9848
del,9847
put,11385
del,9987
get,9988
store,9638
put,10965
store,9778
del,10895
get,10057
get,11035
store,10406
put,10336
put,10825
get,10057
del,10127
store,10965
get,10407
del,9708
put,11245
store,9848
del,10965
get,10127
put,10407
del,9988
del,9568
store,10057
get,10546
get,9568
del,9918
get,9987
get,10057
get,10127
store,10337
del,10756
get,9569
store,8730
del,9079
del,9429
store,10057
store,10058
get,10546
get,9917
store,10337
put,9010
store,10686
get,15574
put,216230
del,29124
del,14388
put,63487
put,16623
put,2729561
del,170344
del,2643446
put,2508581
del,160357
put,2844172
store,32895
store,9009
get,9987
store,8101
get,11035
del,8731
store,10965
put,9918
put,10267
del,11245
put,8451
del,10616
store,7753
get,10058
store,8101
del,9848
del,8940
del,10755
get,11454
store,9987
get,8521
del,10896
get,10546
put,8521
store,10546
put,9219
get,10965
del,7613
get,10336
get,8451
store,9918
store,8521
store,9568
put,8661
get,10895
put,8591
put,10895
store,8102
get,10965
store,8521
get,9429
store,8451
get,10895
del,8171
put,9569
del,8660
put,11873
store,8660
put,10197
store,8660
del,10058
get,8520
store,10406
store,8032
del,10336
store,8171
del,10895
put,7194
del,10477
del,7613
get,11035
put,8102
del,10546
del,7753
put,11035
store,7683
del,10406
get,7962
store,9358
put,10965
get,8171
get,9987
store,7543
put,10895
put,7473
del,10407
put,8521
store,11384
get,8032
get,9568
del,8730
store,7263
get,8102
store,10058
del,8101
store,11035
del,7823
store,11454
put,8101
get,10826
store,9917
store,10825
del,7892
del,9917
del,8940
get,10476
get,8660
del,10476
put,7683
del,9918
get,9080
get,9918
del,8939
put,9987
get,8032
get,8661
del,75499
get,1727191
put,365343
put,2680463
put,2689821
store,182846
del,256180
put,260929
put,2686608
put,2738292
get,2643586
del,2754914
del,26959
get,13409
store,12991
del,13270
put,12083
put,12781
get,11873
get,15295
del,13410
del,13759
get,12920
del,13200
get,12083
put,13270
del,11943
put,12991
store,13130
put,13898
store,12781
store,12571
put,13340
store,12781
del,13340
get,12362
store,12921
put,11873
get,12362
put,12223
store,12362
store,11943
put,33454
get,14737
get,7613
put,8101
store,7753
get,8241
del,6704
store,11943
del,7264
del,9918
put,10407
put,54337
get,9568
store,7683
store,7962
put,9010
del,7613
store,6215
del,7193
get,8521
del,7194
put,7613
put,7054
del,6565
put,7124
put,7753
put,7264
get,7123
store,10406
get,7613
put,6565
del,6774
put,7264
put,7054
store,6565
del,6705
get,6286
del,9150
store,8660
put,11315
del,8521
store,10825
put,10965
store,9219
del,9568
get,11873
del,9987
store,10546
store,8660
store,8590
del,11035
put,11454
store,10407
del,11593
put,9848
put,11384
put,11594
del,11384
del,10895
put,11105
get,54058
store,11594
del,8102
del,8102
del,10477
get,11105
del,10406
del,8171
get,8031
put,9498
get,7682
put,8730
del,7264
exit,8730
